Date;Caption;Predictions
2023;How peculiar! #fyp #foryou #foryoupage #pov #meme #actress ;
2023;THE WASPS ARE COMING! Practice your British accents at visitbritain.com/fakebrit and maybe you can land a second husband next time you're in Great Britain! #fakebritchallege #lovegreatbritain #ad ;
2023;Shes lived. #fyp #foryou #foryoupage #pov #losangeles #waitress ;
2023;OUT OF POCKET #fyp #foryou #fyp #doctors #doctorsoffice #pov ;
2023;Thank you to Martin Bulge, especially. #fyp #foryou #foryoupage #oscars #oscars2023 #awardshow #awardsseason2023;
2022;??I LOVE YOUR SON ??#fyp #foryou #foryoupage #pov #christmas #proposal;
2022;Happy thanksgiving, respectfully. #fyp #foryou #foryoupage #thankagiving #HuluChippendalesDance ;
2022;She has a secret. And it’s sad. #fyp #foryou #foryoupage #movies #pov #oscarmovies #yellowstonetv ;
2022;Naked, WET. #fyp #foryou #foryoupage #halloween #cousins #comedianoftheyear ;
2022;Good friend dinner with friends. #fyp #foryou #foryoupage #kardashians #kardashianshulu #kimkardashian ;
2022;Avery:????? #fyp #foryou #foryoupage #parents #parentsoftiktok #momsoftiktok ;
2022;Nicola Peltz-Beckham walked so Nicola Pomodoro Blockcheese could run. #fyp #foryou #foryoupage #vogue #nicolapeltz #FlexEveryAngle ;
2022;Florence, we’re begging you. #foryou #foryoupage #fyp #dontworrydarling #movies #venicefilmfestival ;
2022;??Capricorn, Cancer, Spisces, Porpio??#fyp #foryoupage #foryou #psychic #tarot ;
2022;However long theeseees take. #fyp #pov #foryou #foryoupage #WeStickTogether #MickeyFriendsStayTrue;
2022;She loves her fans. #fyp #foryou #foryoupage #comiccon2022 #comiccon #BigInkEnergy #chrissywakeup;
2022;?BaBe? #fyp #foryou #foryoupage #girlfriendsoftiktok #4thofjuly #elvis #strangerthings #summervibes;
2022;#greenscreen Support small businesses while shopping in @Amazon’s store. Look for the new small business badges to #SupportSmallwithAmazon #ad;
2022;Get me out of this fresh hell. #fyp #foryou #foryoupage #roevwade  #sunmervibes #handmaidstale;
2022;This is not what me signed up for. #fyp #foryou #foryoupage #boyfriend #romcom #diy #emo;
2022;I’m only a person ?? #fyp #foryou #foryoupage #comiccon #summervibes #multiverse #ReadyForHell #PerfectPrideMovement;
2022;Too niche? #fyp #foryou #foryoupage #2000s #aboutdamntime #wellthatsyou #kitchenhack #nostalgia;
2022;Um okay MR. MAGOO #fyp #foryou #foryoupage #aboutdamntime #clarity #unboxing #relationships #breakup;
2022;I’m f?ùückued #fyp #foryou #foryoupage #coachella #HPSustainableSounds #PassTheBIC #outfitinspo;
2022;Dude why are so many CHICKS here? #fyp #foryou #foryoupage #EasyWithAdobeExpress  #ootd #diditmyself #asitwas #sustainability;
2022;You work with me, I work with you. #whenwomenwin #fashiontiktok #didyouknow #smelllikeirishspring #hollywood;
2022;Did a 3 minute video because I honestly don’t care anymore. #fyp #foryou #foryoupage #OscarsAtHome #UnsealTheMeal #WomenOwnedBusiness #BridgertonScandal;
2022;?Hello, everyone! ? #fyp #foryoupage #foryou #InstaxChallenge #OscarsAtHome #BridgertonScandal #WomenOwnedBusiness #HaloSilverTeam;
2022;Please know the rules, thank you. #fyp #foryoupage #tiptok #spring #facebook #OscarsAtHome #SeeHerGreatnes;
2022;#ad You won’t object to this: Law & Order season 21 Thursdays on @NBC  and streaming next day on @Peacock TV . #ad;
2022;Love, your hot wife. ?? #valentinesday #galentinesday #superbowl #fyp #foryou #foryoupage #LaysGoldenDuet;
2022;SHE IS BACK #fyp #foryou #foryoupage #hbo #euphoria #28DaysOfEucerin  #dayinmylife #beforeandafter #waspmom;
2022;She’s a belter. #fyp #foryou #foryoupage #holdup #riverdeepmountainhigh #picasso #elfitup;
2022;She just has a good vibe ???? #fyp #foryou #foryoupage #bye2021 #newyear #mustbenice #fitcheck #backintheday #whatsgoing;
2021;#duet with @noble_son BE. MORE. HUMAN. #FYP #FORYOU #foryoupage #PawlidayPics #SimsSelves #backintheday;
2021;Channeling “youth” #fyp #foryou #foryoupage #SimsSelves #KraftMacMeSkip #MacysGiftTok #audition;
2021;“We have socks in the back” #fyp #foryou #foryoupage #ASOSChaoticToCalm #cowboybebopspike #backintheday #PepsiApplePieChallenge;
2021;So happy for Ariana ?????? #fyp #foryou #foryoupage #wicked #JustDanceWithCamila #LevisMusicProject;
2021;UNbelievable #fyp #foryou #foryoupage #MakeADogsDay #myfinALLYmoment #scarystories #halloween #waspmom;
2021;??Fighter??Blood?? #fyp #foryou #foryoupage #OneSliceChallenge #StudentSectionSauce #mentalhealthawareness;
2021;?? It’s me?? #fyp #foryou #foryoupage #123PandoraME #TakeTheDayOffChallenge #gameday #halloweendecor;
2021;You couldn’t bail because you live with her. #fyp #foryou #foryoupage #montero #berriesandcream #ZFlipClackdown;
2021;The gays love her. #fyp #foryou #foryoupage #MicroRaveWithRoni #MyTeacherWins;
2021;I’M UNFALLOWING YEW #fyp #foryou #foryoupage #SyncYourMiO #vaccine #digitalmakeup;
2021;Help I’m a woman in war and I’m frightened. #fyp #foryou #foryoupage #GetYourJeansOn #SummerMashup #olympian;
2021;Her hair is actually ?naturally curly? #fyp #foryou #foryoupage #summervibes #deeprealization #datenight #instagram;
2021;SHE NEEDS TO FIND THE EQUATION #fyp #foryou #foryoupage #thisphoto #weekendtrip #scifiart;
2021;And things as SuCh. #fyp #foryou #foryoupage #MyColoredHair #FordMaverick #roadtrip;
2021;It’s ??ReCrUiTmEnT?? #fyp #foryou #foryoupage #28XTREMES #adultswim #summerofgaming #creativityforgood;
2021;Will she make it? #fyp #foryou #foryoupage #goodpoint #DADMOVES #ConjuringHorror;
2021;?Real and raw?#fyp #foryou #foryoupage #BestSeatInTheHouse #katespadenyhappydance;
2021;His are so ??STINKY?? #fyp #foryou #foryoupage #InTheHeightsChallenge #FriendsReunion #married #wrongdoor;
2021;It’s ?SPICY?#fyp #foryou #foryoupage #disney #ConjuringHorror #TeamUSATryout;
2021;Her favorite food is ?Cali burritos? #fyp #foryou #foryoupage #PonderWithZion #kpop #losangeles #hinge #ROMWEGetGraphic;
2021;Amy, stop eating the bread. #fyp #foryou #foryoupage #mothersday #waspmom #LoveMeMode #RefundGlowUp #MillionActsofLove;
2021;So precocious. #fyp #foryou #foryoupage #starwarsday #teachersoftiktok #getfit #british;
2021;Wait for it. #fyp #foryou #foryoupage #OneStepCloser #WidenTheScreen;
2021;#duet with @johnmayer  “don’t laugh at me”. #fyp #foryou #foryoupage #AerieREAL #JustAddBriskZero #GetCrocd;
2021;Stop. Scowling. #fyp #foryou #foryoupage #GetCrocd #AerieREAL;
2021;??YoU WaNnA Go? ??#fyp #foryou #foryoupage #GoForTheHandful #learnwithme #brycehall;
2021;The ??RuMor MiLL?? #fyp #foryou #foryoupage #realhousewives #bravo #sourpatchprankfund;
2021;It actually means ?FeMale StREnGtH? #fyp #foryou #foryoupage #GodzillaVsKongRoar #RayBanElevatorDance;
2021;Wasp mom has a new haircare routine with @suave @target clean certified haircare line #suavepartner;
2021;What’s going on with the food? #fyp #foryou #foryoupage #DontSweatIt #ShowerWithMoxie;
2021;She’s ?DAED? #fyp #foryou #foryoupage #netflix #mom #AirPodsJUMP;
2021;GIVEMMMUMMY A KISS. #fyp #foryou #foryoupage #coming2america #ontherunway;
2021;My husband is a dentist. #fyp #foryou #foryoupage #thriftflip #lifestyle #tiktokwildlifeday;
2021;Thanks guys?? #fyp #foryou #foryoupage #upcycling #laughingduet;
2021;As MOST of you know them. #fyp #foryou #foryoupage #doritosflatlife;
2021;GADDAOUT #fyp #foryou #foryoupage #tiktokfashionmonth #loveyourinsecurities;
2021;#duet with @ncentineo Upset Keira is upset. #foryou #foryoupage #fyp #tacobell;
2021;Who wants a Dole WHIP? #fyp #foryou #foryoupage #disneyland #galentinesday #lunarnewyear;
2021;As a SUPER famous TikTok star, I know staying home has been hard on us all. But it’s even harder on your clothes. #TideHoodie #ad;
2021;She ??loves?? notes. #fyp #foryou #foryoupage #acting #GetReadyWithOldSpice #ThisorThatSBLV;
2021;Buy his e-book on business ???? #fyp #foryou #foryoupage #influencer #ThisorThatSBLV #stepbystep;
2021;YoUrE dIFFerEnt #fyp #foryou #foryoupage #GEICOLipSync;
2021;?RiGhT GoObEr?? #fyp #foryou #foryoupage #dogsoftiktok #roundofapplause;
2021;She just needs to share. #fyp #foryou #foryoupage #SwitchTheChobaniFlip #tiktokdiy;
2021;She has an organic wine business. #fyp #foryou #foryoupage #la #MyRoutine;
2021;?Kindness is free? #fyp #foryoupage #foryou #MyRoutine;
2020;Always keep it ?vague?. #fyp #foryou #foryoupage #facebook #NewYearNewMiO;
2020;Had to delete because I spelled “peloton” wrong. #fyp #foryou #foryoupage #peloton  #MyHaul;
2020;I have?occasional asthma? #fyp #foryou #foryoupage #YearOnTikTok #waspmom;
2020;He’s my ??BAS FRAN?? #fyp #foryou #foryoupage #Productivity #fypage;
2020;Claire from @plantifulsoul is typing... #fyp #foryou #foryoupage #you #fairenough #CancelTheNoise;
2020;Wizard on the keys, Glen Stiltz. #fyp #foryou #foryoupage #CancelTheNoise #christmas;
2020;He’s got spaghettios. #fyp #foryou #foryoupage #college #SelfImprovement;
2020;Euphoria has entered the chat. #fyp #foryou #foryoupage #hbo #euphoria;
2020;Guys there’s lag. #fyp #foryou #foryoupage #zoom #FallGuysMoments;
2020;She’s just home with her ?doggies? #fyp #foryou #foryoupage #GrowUpWithMe #FoodTikTok;
2020;Maddox is not allowed downstairs. #fyp #foryou #foryoupage #la #home;
2020;Subscribe to her channel! #fyp #foryou #foryoupage #disney #WIP;
2020;Girl who DESPERATELY wants to get engaged. #firefox #UnfckTheInternet #ad;
2020;She is ?scared? #fyp #foryou #foryoupage #waspmom #election2020;
2020;BREAKING NEWS FROM THE POLLS. #fyp #foryou #foryoupage #election #election2020 #MyRecommendation;
2020;?JuSt BrEaThE? #fyp #foryou #foryoupage #HolidayTikTok;
2020;She will insist the child calls her Cheryl. #fyp #foryou #foryoupage #waspmom #babyreveal #ShowUpShowOff;
2020;Let’s get the group going again. #fyp #foryou #foryoupage #improv #TikTokFood;
2020;She was there but ?unattainable? #fyp #foryou #foryoupage #montage #HorrorTok #;
2020;Don’t be like Cheryl. #fyp #foryou #foryoupage #fyp #waspmom #vote;
2020;Her and Trey broke up 7 years ago.;
2020;He loves his mom. #fyp #foryou #foryoupage #Duet #CollegeGotMeLike;
2020;REGISTER TO VOTE. #fyp #foryou #foryoupage #keiraknightley #vote;
2020;Her process is so ?quirky?! #fyp #foryou #foryoupage #actor #audition #ScaryStories;
2020;@versedskincare wants to see how you self care, head to their page for full contest details! #selfcarecheckup #ad;
2020;?Justice for background actors? #fyp #foryou #foryoupage #emmys #actors #HelloFall;
2020;Cameras on. #fyp #foryou #foryoupage #zoom #PlantsOfTikTok;
2020;She’s AVAILABLE. #fyp #foryoupage #foryou #waspmom #zoom #GhostPhotoshoot;
2020;She’s ?exhausted?. #fyp #foryou #foryoupage #la #MillennialsOfTikTok #DidYouKnow;
2020;She’s PLUGGED IN. #fyp #foryou #foryoupage #ActingChallenge;
2020;Apologies now for my horrible accent. #fyp #foryou #foryoupage #australia #TimeforTENET;
2020;Cheddar cheeseballs crazy. #fyp #foryou #foryoupage #youthgroup #WaitForTheGreats;
2020;Cheryl needs ASSISTANCE. #fyp #foryou #foryoupage #waspmom #Snapshot;
2020;She’s like, really pretty. #fyp #foryou #foryoupage #ItStartsOnTikTok;
2020;This is my first and last duet.  with @elianaghen #fyp #foryou #foryoupage #actingchallenge #SoAwkward;
2020;This is semi-autobiographical. #fyp #foryou #foryoupage #highschool #SuperlativeSmiles;
2020;Plan a wine night and a gab like Cheryl did with @Bumble BFF! #BumblePartner;
2020;I didn’t know what else to do with this vest. #fyp #foryou #foryoupage #horses #ThisIsBliss;
2020;Emotional DISMANTLE. #fyp #foryou #foryoupage #la #OutfitChange;
2020;A lot of “projects” coming up. #fyp #foryou #foryoupage #la #actorlife;
2020;SO relatable. #fyp #foryou #foryoupage #MyBFF #instagram #celebrity;
2020;?Baby McCeighlynn?#fyp #foryou #foryoupage #baby #babychallenge #NotTheOne;
2020;It’s for the rashes. #fyp #foryou #foryoupage #LetsFaceIt #SlurpeeSummer;
2020;WhAt If I Was DEAD MaLcOM? #fyp #foryoupage #foryou #TikTokFanFest #LetsFaceIt;
2020;?I’m Shelly if you need anything?#fyp #foryou #foryoupage #retail #IceCreamDay;
2020;She can’t wait to go back. #fyp #foryou #foryoupage #travel;
2020;Her husband Todd wasn’t pleased. #fyp #foryou #foryoupage #waspmom #BeatsDaisyChallenge;
2020;She wants to hang SUPER soon. #fyp #foryou #foryoupage #club;
2020;GOT VERIFIED, MY CHILDREN! #fyp #foryou #foryoupage #GimmeLove;
2020;MOUTH NOISE. #FYP #foryou #foryoupage #la #momsoftiktok #LaughPause;
2020;She’s so sorry. #fyp #foryou #foryoupage #youtube;
2020;????OvErWhLeMeD???? #fyp #foryou #foryoupage #RaiseYourVoice #la;
2020;Cheryl feels UNSAFE. #fyp #foryou #foryoupage #waspmom #LittleBitFancy;
2020;LuAnn has QUESTIONS. #fyp #foryou #foryoupage #stayathome #SNOOZZZAPALOOZA;
2020;#fyp #foryou #foryoupage #weddingvows #DontLeaveMe;
2020;Best lounge singer at the Westin Resort. #fyp #foryou #foryoupage #singer;
2020;Cheryl is under DURESS. #fyp #foryou #foryoupage #momsoftiktok #waspmom;
2020;The grapes are super mad. #fyp #foryou #foryoupage #grapesofwrath #comedy #zoomclass;
2020;She’s just...different. #fyp #foryou #foryoupage #SummerOfGaming #KeepingItCute #comedy;
2020;WASP mom is NOT having it. #fyp #blacklivesmatter;
2020;#ad When bae ruins dinner plans, but his idea was better. #devour @devourfoods;
2020;Should we call her Sue-Ann? #fyp #foryoupage #foryou #southern;
2020;Hannah F. needs a second. #fyp #foryou #foryoupage #bachelornation #comedy #inyourface;
2020;Check out my SoundCloud! #fyp #foryou #foryoupage #comedy #singer #tiktokwellness #JustDanceMoves;
2020;Cheryl is going to leave a scathing Yelp review. #fyp #foryou #foryoupage #comedy #momsoftiktok #olivegarden;
2020;“Step It Up Again To The Streets 6” coming fall 2021 #fyp #foryou #foryoupage #poseathome #InTheHouseparty #tiktokdance;
2020;Can’t wait to watch it. #fyp #foryou #foryoupage #netflix #comedy #homeproject;
2020;Happy Mother’s Day from your favorite mom! #fyp #foryou #foryoupage #comedy #mothersday;
2020;Still remember all the lines, 412 years later. #fyp #foryoupage #foryou #highschool #itsaremix #MakeMomSmile #shakespeare #fypage;
2020;#fyp #foryou #foryoupage #zoom #workfromhome #comedy #gonnabefriends;
2020;Cheryl is back. #fyp #foryou #foryoupage #quarantine #essentialbusiness #waspmom #may4th #comedy;
2020;Can’t wait to get back out there. #fyp #foryou #foryoupage #auditions #comedy #bathroomstories #may4th #ChipotleSponsorMe;
2020;TikTok took this down and I have no clue why but IT’S BACK. #fyp #foryoupage #foryou #zelda #couplesoftiktok #quarantine;
2020;#CHERYL #wasp #fyp #foryoupage #neverfitin #tiktokmoms #quarantine #comedy #foryou;
2020;#fyp #foryou #quarantine #bakingrecipe #wasp #whitemoms #quarantinemood;
2020;Trying out my ring light. #fyp #foryoupage #beautyhaul #neverfitin;
2020;#fyp #foryou #fûckboy #quarantineandchill #quarantine #zoom #MMMDrop #tiktokprom #promplaylist;
2020;#fyp #earthday #foryou #foryoupage #charlidamelio #addisonrae #hypehouse #comedy #tiktokdance;
2020;#fyp #foryou #foryoupage #oscars #acting #comedy;
2020;#duet with @thepilot_pete Pete.....stop it. Please. #fyp #pilotpete #foryou;
2020;#fyp #foryou #audition #actor #imalesbian;
2020;#voiceover #fyp #foryou #stayhomestaystrong #collegememories;
2020;#fyp #foryoupage #tiktokfamous #viral #audition #actor;
2020;Someone help me PLEASE. #quarantinelife #fyp #momsoftiktok #foryou #insaneparents;
2020;One of my favorite scores. So beautiful. #fyp #foryou #comedy #whitegirltwerk #twilight;
2020;Wait til the end. #fyp #instagram #goinglive #foryou;
2020;#fyp #selfhelp #blindinglights #distancedance #independent #foryou;
2020;To All The 13 Reasons I’ve Ever Loved. #TheSongOfUs #distancedance #onlineclass #netflix #toalltheboysivelovedbefore #stargirl;
2020;Can someone make sure my mother doesn’t leave the house during quarantine so I can go scream into a field somewhere? #fyp #foryou #reesewitherspoon;
2020;Bae doesn’t understand. #fyp #foryou #foryoupage #couplegoals  #jason;
2020;Depression skin care girly at it again. #depression #fyp #foryoupage;
2020;This is what happens when I get invited to a BBQ and someone brings their baby. #richwhitemoms #comedy #comedywomen #FYP #fory?u;
2020;When bae takes you to Japan. #fypage #japan #bae #fyp #couplecomedy;
2020;How to dress like a divorced mom in your 20’s. #fypage #fyp #fypage #fypchallenge #olderwomen #comedyvideo;
2020;MOUTH GIRL. #fyp #fypage #fypchallenge;